<?xml version="1.0" encoding="UTF-8"?>
<metadata>
  <groupId>org.junit.jupiter</groupId>
  <artifactId>junit-jupiter</artifactId>
  <versioning>
    <latest>5.8.2</latest>
    <release>5.8.2</release>
    <versions>
      <version>5.4.0-M1</version>
      <version>5.4.0-RC1</version>
      <version>5.4.0-RC2</version>
      <version>5.4.0</version>
      <version>5.4.1</version>
      <version>5.4.2</version>
      <version>5.5.0-M1</version>
      <version>5.5.0-RC1</version>
      <version>5.5.0-RC2</version>
      <version>5.5.0</version>
      <version>5.5.1</version>
      <version>5.5.2</version>
      <version>5.6.0-M1</version>
      <version>5.6.0-RC1</version>
      <version>5.6.0</version>
      <version>5.6.1</version>
      <version>5.6.2</version>
      <version>5.6.3</version>
      <version>5.7.0-M1</version>
      <version>5.7.0-RC1</version>
      <version>5.7.0</version>
      <version>5.7.1</version>
      <version>5.7.2</version>
      <version>5.8.0-M1</version>
      <version>5.8.0-RC1</version>
      <version>5.8.0</version>
      <version>5.8.1</version>
      <version>5.8.2</version>
    </versions>
    <lastUpdated>20211128155244</lastUpdated>
  </versioning>
</metadata>
