<?xml version="1.0" encoding="UTF-8"?>
<metadata>
  <groupId>junit</groupId>
  <artifactId>junit-dep</artifactId>
  <versioning>
    <latest>4.11</latest>
    <release>4.11</release>
    <versions>
      <version>4.6</version>
      <version>4.7</version>
      <version>4.8</version>
      <version>4.8.1</version>
      <version>4.8.2</version>
      <version>4.9</version>
      <version>4.10</version>
      <version>4.11-beta-1</version>
      <version>4.11</version>
    </versions>
    <lastUpdated>20121114192419</lastUpdated>
  </versioning>
</metadata>
