<?xml version="1.0" encoding="UTF-8"?>
<metadata>
  <groupId>junit</groupId>
  <artifactId>junit</artifactId>
  <versioning>
    <latest>4.13.2</latest>
    <release>4.13.2</release>
    <versions>
      <version>3.7</version>
      <version>3.8</version>
      <version>3.8.1</version>
      <version>3.8.2</version>
      <version>4.0</version>
      <version>4.1</version>
      <version>4.2</version>
      <version>4.3</version>
      <version>4.3.1</version>
      <version>4.4</version>
      <version>4.5</version>
      <version>4.6</version>
      <version>4.7</version>
      <version>4.8</version>
      <version>4.8.1</version>
      <version>4.8.2</version>
      <version>4.9</version>
      <version>4.10</version>
      <version>4.11-beta-1</version>
      <version>4.11</version>
      <version>4.12-beta-1</version>
      <version>4.12-beta-2</version>
      <version>4.12-beta-3</version>
      <version>4.12</version>
      <version>4.13-beta-1</version>
      <version>4.13-beta-2</version>
      <version>4.13-beta-3</version>
      <version>4.13-rc-1</version>
      <version>4.13-rc-2</version>
      <version>4.13</version>
      <version>4.13.1</version>
      <version>4.13.2</version>
    </versions>
    <lastUpdated>20210213164433</lastUpdated>
  </versioning>
</metadata>
